date	label
Feb 01 2020	"2
"
Feb 01 2020	"2
"
Feb 01 2020	"1
"
Feb 01 2020	"1
"
Feb 01 2020	"1
"
Feb 01 2020	"1
"
Feb 01 2020	"1
"
Feb 01 2020	"1
"
Jan 31 2020	"0
"
Jan 31 2020	"1
"
Jan 31 2020	"1
"
Jan 31 2020	"1
"
Jan 31 2020	"0
"
Jan 31 2020	"0
"
Jan 31 2020	"1
"
Jan 31 2020	"1
"
Jan 31 2020	"1
"
Jan 31 2020	"1
"
Jan 31 2020	"1
"
Jan 31 2020	"1
"
Jan 31 2020	"1
"
Jan 31 2020	"1
"
Jan 31 2020	"0
"
Jan 31 2020	"1
"
Jan 31 2020	"1
"
Jan 31 2020	"1
"
Jan 31 2020	"1
"
Jan 31 2020	"1
"
Jan 31 2020	"1
"
Jan 31 2020	"1
"
Jan 31 2020	"1
"
Jan 31 2020	"1
"
Jan 31 2020	"1
"
Jan 31 2020	"1
"
Jan 31 2020	"1
"
Jan 30 2020	"1
"
Jan 30 2020	"1
"
Jan 30 2020	"1
"
Jan 30 2020	"1
"
Jan 30 2020	"0
"
Jan 30 2020	"1
"
Jan 30 2020	"1
"
Jan 30 2020	"1
"
Jan 30 2020	"1
"
Jan 30 2020	"1
"
Jan 30 2020	"1
"
Jan 30 2020	"0
"
Jan 30 2020	"1
"
Jan 30 2020	"1
"
Jan 30 2020	"0
"
Jan 29 2020	"0
"
Jan 29 2020	"1
"
Jan 29 2020	"1
"
Jan 29 2020	"1
"
Jan 29 2020	"1
"
Jan 29 2020	"1
"
Jan 29 2020	"1
"
Jan 29 2020	"1
"
Jan 29 2020	"0
"
Jan 29 2020	"1
"
Jan 29 2020	"1
"
Jan 29 2020	"1
"
Jan 29 2020	"1
"
Jan 29 2020	"1
"
Jan 29 2020	"1
"
Jan 29 2020	"1
"
Jan 29 2020	"1
"
Jan 29 2020	"1
"
Jan 29 2020	"1
"
Jan 29 2020	"1
"
Jan 29 2020	"1
"
Jan 29 2020	"1
"
Jan 29 2020	"1
"
Jan 29 2020	"1
"
Jan 29 2020	"1
"
Jan 29 2020	"1
"
Jan 29 2020	"1
"
Jan 29 2020	"1
"
Jan 29 2020	"1
"
Jan 28 2020	"1
"
Jan 28 2020	"1
"
Jan 28 2020	"1
"
Jan 28 2020	"1
"
Jan 28 2020	"1
"
Jan 28 2020	"1
"
Jan 28 2020	"1
"
Jan 28 2020	"1
"
Jan 28 2020	"1
"
Jan 28 2020	"1
"
Jan 28 2020	"1
"
Jan 28 2020	"1
"
Jan 28 2020	"1
"
Jan 28 2020	"1
"
Jan 28 2020	"1
"
Jan 28 2020	"1
"
Jan 28 2020	"1
"
Jan 28 2020	"1
"
Jan 28 2020	"1
"
Jan 28 2020	"1
"
Jan 28 2020	"1
"
Jan 28 2020	"1
"
Feb 01 2020	"0
"
Feb 01 2020	"2
"
Feb 01 2020	"2
"
Feb 01 2020	"1
"
Feb 01 2020	"2
"
Feb 01 2020	"1
"
Feb 01 2020	"2
"
Feb 01 2020	"2
"
Feb 01 2020	"2
"
Feb 01 2020	"2
"
Feb 01 2020	"0
"
Feb 01 2020	"0
"
Feb 01 2020	"2
"
Feb 01 2020	"2
"
Feb 01 2020	"2
"
Feb 01 2020	"2
"
Feb 01 2020	"2
"
Feb 01 2020	"2
"
Feb 01 2020	"1
"
Feb 01 2020	"1
"
Feb 01 2020	"2
"
Feb 01 2020	"0
"
Feb 01 2020	"2
"
Feb 01 2020	"2
"
Feb 01 2020	"2
"
Feb 01 2020	"2
"
Feb 01 2020	"2
"
Feb 01 2020	"2
"
Jan 31 2020	"2
"
Jan 31 2020	"2
"
Jan 31 2020	"2
"
Jan 31 2020	"2
"
Jan 31 2020	"2
"
Jan 31 2020	"2
"
Jan 31 2020	"2
"
Jan 31 2020	"0
"
Jan 31 2020	"0
"
Jan 31 2020	"2
"
Jan 31 2020	"2
"
Jan 31 2020	"0
"
Jan 31 2020	"2
"
Jan 31 2020	"2
"
Jan 31 2020	"0
"
Jan 31 2020	"0
"
Jan 31 2020	"2
"
Jan 31 2020	"2
"
Jan 31 2020	"1
"
Jan 31 2020	"0
"
Jan 31 2020	"0
"
Jan 31 2020	"2
"
Jan 31 2020	"2
"
Jan 31 2020	"2
"
Jan 31 2020	"0
"
Jan 31 2020	"0
"
Jan 31 2020	"0
"
Jan 31 2020	"2
"
Jan 31 2020	"2
"
Jan 31 2020	"1
"
Jan 31 2020	"2
"
Jan 31 2020	"1
"
Jan 31 2020	"2
"
Jan 31 2020	"2
"
Jan 31 2020	"0
"
Jan 31 2020	"0
"
Jan 31 2020	"2
"
Jan 31 2020	"0
"
Jan 31 2020	"0
"
Jan 31 2020	"2
"
Jan 31 2020	"2
"
Jan 31 2020	"2
"
Jan 31 2020	"1
"
Jan 31 2020	"0
"
Jan 31 2020	"1
"
Jan 31 2020	"1
"
Jan 31 2020	"0
"
Jan 31 2020	"2
"
Jan 31 2020	"2
"
Jan 31 2020	"0
"
Jan 31 2020	"0
"
Jan 31 2020	"1
"
Jan 31 2020	"0
"
Jan 31 2020	"2
"
Jan 31 2020	"1
"
Jan 31 2020	"0
"
Jan 31 2020	"0
"
Jan 31 2020	"0
"
Jan 31 2020	"2
"
Jan 31 2020	"1
"
Jan 31 2020	"0
"
Jan 31 2020	"0
"
Jan 31 2020	"2
"
Jan 31 2020	"0
"
Feb 01 2020	"1
"
Jan 31 2020	"1
"
Jan 31 2020	"1
"
Jan 31 2020	"1
"
Jan 31 2020	"1
"
Jan 31 2020	"1
"
Jan 31 2020	"1
"
Jan 31 2020	"1
"
Jan 30 2020	"1
"
Jan 30 2020	"1
"
Jan 30 2020	"1
"
Jan 30 2020	"1
"
Jan 30 2020	"1
"
Jan 30 2020	"1
"
Jan 30 2020	"1
"
Jan 30 2020	"1
"
Jan 30 2020	"1
"
Jan 30 2020	"1
"
Jan 30 2020	"1
"
Jan 30 2020	"1
"
Jan 30 2020	"1
"
Jan 30 2020	"1
"
Jan 30 2020	"1
"
Jan 30 2020	"1
"
Jan 30 2020	"1
"
Jan 30 2020	"1
"
Jan 30 2020	"1
"
Jan 30 2020	"1
"
Jan 30 2020	"1
"
Jan 30 2020	"1
"
Jan 30 2020	"1
"
Jan 30 2020	"1
"
Jan 30 2020	"1
"
Jan 30 2020	"1
"
Jan 30 2020	"1
"
Jan 30 2020	"1
"
Jan 30 2020	"1
"
Jan 30 2020	"1
"
Jan 30 2020	"1
"
Jan 30 2020	"1
"
Jan 30 2020	"1
"
Jan 30 2020	"1
"
Jan 30 2020	"1
"
Jan 30 2020	"1
"
Jan 30 2020	"1
"
Jan 30 2020	"1
"
Jan 30 2020	"1
"
Jan 30 2020	"1
"
Jan 30 2020	"1
"
Jan 30 2020	"1
"
Jan 30 2020	"1
"
Jan 30 2020	"1
"
Jan 30 2020	"1
"
Jan 30 2020	"1
"
Jan 24 2020	"1
"
Feb 01 2020	"2
"
Feb 01 2020	"1
"
Feb 01 2020	"2
"
Feb 01 2020	"2
"
Feb 01 2020	"2
"
Feb 01 2020	"0
"
Feb 01 2020	"1
"
Feb 01 2020	"1
"
Feb 01 2020	"2
"
Feb 01 2020	"2
"
Feb 01 2020	"0
"
Feb 01 2020	"2
"
Feb 01 2020	"2
"
Feb 01 2020	"2
"
Feb 01 2020	"1
"
Feb 01 2020	"0
"
Feb 01 2020	"1
"
Feb 01 2020	"2
"
Feb 01 2020	"2
"
Feb 01 2020	"1
"
Feb 01 2020	"2
"
Feb 01 2020	"1
"
Feb 01 2020	"0
"
Feb 01 2020	"0
"
Feb 01 2020	"1
"
Feb 01 2020	"2
"
Feb 01 2020	"2
"
Feb 01 2020	"2
"
Feb 01 2020	"0
"
Feb 01 2020	"0
"
Feb 01 2020	"2
"
Feb 01 2020	"2
"
Feb 01 2020	"2
"
Feb 01 2020	"1
"
Feb 01 2020	"1
"
Feb 01 2020	"0
"
Feb 01 2020	"0
"
Feb 01 2020	"0
"
Feb 01 2020	"0
"
Feb 01 2020	"0
"
Feb 01 2020	"2
"
Feb 01 2020	"2
"
Feb 01 2020	"2
"
Feb 01 2020	"2
"
Feb 01 2020	"2
"
Feb 01 2020	"2
"
Feb 01 2020	"2
"
Feb 01 2020	"2
"
Feb 01 2020	"0
"
Feb 01 2020	"2
"
Feb 01 2020	"2
"
Feb 01 2020	"2
"
Feb 01 2020	"2
"
Feb 01 2020	"0
"
Feb 01 2020	"2
"
Feb 01 2020	"2
"
Feb 01 2020	"2
"
Feb 01 2020	"0
"
Feb 01 2020	"0
"
Feb 01 2020	"2
"
Feb 01 2020	"2
"
Feb 01 2020	"0
"
Feb 01 2020	"1
"
Feb 01 2020	"2
"
Feb 01 2020	"2
"
Feb 01 2020	"1
"
Feb 01 2020	"2
"
Feb 01 2020	"2
"
Feb 01 2020	"2
"
Feb 01 2020	"2
"
Feb 01 2020	"1
"
Feb 01 2020	"1
"
Feb 01 2020	"2
"
Feb 01 2020	"2
"
Feb 01 2020	"2
"
Feb 01 2020	"0
"
Feb 01 2020	"0
"
Feb 01 2020	"2
"
Feb 01 2020	"2
"
Feb 02 2020	"2
"
Feb 02 2020	"2
"
Feb 02 2020	"2
"
Feb 02 2020	"1
"
Feb 02 2020	"2
"
Feb 02 2020	"1
"
Feb 02 2020	"1
"
Feb 02 2020	"0
"
Feb 02 2020	"0
"
Feb 02 2020	"2
"
Feb 02 2020	"1
"
Feb 02 2020	"0
"
Feb 02 2020	"2
"
Feb 02 2020	"1
"
Feb 02 2020	"1
"
Feb 02 2020	"1
"
Feb 02 2020	"2
"
Feb 02 2020	"2
"
Feb 02 2020	"2
"
Feb 02 2020	"2
"
Feb 02 2020	"2
"
Feb 02 2020	"2
"
Feb 02 2020	"2
"
Feb 02 2020	"2
"
Feb 02 2020	"2
"
Feb 02 2020	"2
"
Feb 02 2020	"2
"
Feb 02 2020	"2
"
Feb 02 2020	"2
"
Feb 02 2020	"2
"
Feb 02 2020	"1
"
Feb 02 2020	"2
"
Feb 02 2020	"2
"
Feb 02 2020	"2
"
Feb 02 2020	"1
"
Feb 02 2020	"1
"
Feb 02 2020	"2
"
Feb 02 2020	"2
"
Feb 02 2020	"2
"
Feb 02 2020	"0
"
Feb 02 2020	"2
"
Feb 02 2020	"1
"
Feb 02 2020	"2
"
Feb 02 2020	"0
"
Feb 02 2020	"2
"
Feb 02 2020	"1
"
Feb 02 2020	"0
"
Feb 02 2020	"1
"
Feb 02 2020	"1
"
Feb 02 2020	"0
"
Feb 02 2020	"0
"
Feb 02 2020	"2
"
Feb 02 2020	"1
"
Feb 02 2020	"2
"
Feb 02 2020	"0
"
Feb 02 2020	"0
"
Feb 02 2020	"2
"
Feb 02 2020	"2
"
Feb 02 2020	"2
"
Feb 02 2020	"0
"
Feb 02 2020	"0
"
Feb 02 2020	"1
"
Feb 02 2020	"0
"
Feb 02 2020	"2
"
Feb 02 2020	"0
"
Feb 02 2020	"2
"
Feb 02 2020	"2
"
Feb 02 2020	"2
"
Feb 02 2020	"1
"
Feb 02 2020	"1
"
Feb 02 2020	"0
"
Feb 02 2020	"2
"
Feb 02 2020	"0
"
Feb 02 2020	"0
"
Feb 02 2020	"2
"
Feb 02 2020	"2
"
Feb 02 2020	"0
"
Feb 02 2020	"0
"
Feb 02 2020	"0
"
Feb 02 2020	"1
"
Feb 02 2020	"1
"
Feb 02 2020	"2
"
Feb 02 2020	"2
"
Feb 02 2020	"2
"
Feb 02 2020	"0
"
Feb 02 2020	"1
"
Feb 02 2020	"0
"
Feb 02 2020	"1
"
Feb 02 2020	"2
"
Feb 02 2020	"2
"
Feb 02 2020	"2
"
Feb 02 2020	"2
"
Feb 02 2020	"2
"
Feb 02 2020	"2
"
Feb 02 2020	"2
"
Feb 02 2020	"2
"
Feb 02 2020	"2
"
Feb 02 2020	"2
"
Feb 02 2020	"2
"
Feb 02 2020	"2
"
Feb 02 2020	"2
"
Feb 02 2020	"2
"
Feb 02 2020	"2
"
Feb 02 2020	"1
"
Feb 02 2020	"2
"
Feb 02 2020	"2
"
Feb 02 2020	"2
"
Feb 02 2020	"2
"
Feb 02 2020	"2
"
Feb 02 2020	"1
"
Feb 02 2020	"2
"
Feb 02 2020	"2
"
Feb 02 2020	"2
"
Feb 02 2020	"2
"
Feb 02 2020	"2
"
Feb 02 2020	"2
"
Feb 02 2020	"1
"
Feb 02 2020	"2
"
Feb 02 2020	"2
"
Feb 02 2020	"2
"
Feb 02 2020	"0
"
Feb 02 2020	"0
"
Feb 02 2020	"2
"
Feb 02 2020	"2
"
Feb 02 2020	"2
"
Feb 02 2020	"2
"
Feb 02 2020	"2
"
Feb 02 2020	"2
"
Feb 02 2020	"2
"
Feb 02 2020	"2
"
Feb 02 2020	"2
"
Feb 02 2020	"2
"
Feb 02 2020	"2
"
Feb 02 2020	"2
"
Feb 02 2020	"2
"
Feb 02 2020	"1
"
Feb 02 2020	"1
"
Feb 02 2020	"1
"
Feb 02 2020	"2
"
Feb 02 2020	"2
"
Feb 02 2020	"1
"
Feb 03 2020	"2
"
Feb 03 2020	"0
"
Feb 03 2020	"2
"
Feb 03 2020	"2
"
Feb 03 2020	"0
"
Feb 03 2020	"2
"
Feb 03 2020	"2
"
Feb 03 2020	"2
"
Feb 03 2020	"0
"
Feb 03 2020	"2
"
Feb 03 2020	"2
"
Feb 03 2020	"2
"
Feb 03 2020	"2
"
Feb 03 2020	"0
"
Feb 03 2020	"2
"
Feb 03 2020	"2
"
Feb 03 2020	"0
"
Feb 03 2020	"2
"
Feb 03 2020	"1
"
Feb 03 2020	"2
"
Feb 03 2020	"0
"
Feb 03 2020	"2
"
Feb 03 2020	"2
"
Feb 03 2020	"2
"
Feb 03 2020	"0
"
Feb 03 2020	"2
"
Feb 03 2020	"0
"
Feb 03 2020	"0
"
Feb 03 2020	"0
"
Feb 03 2020	"1
"
Feb 03 2020	"1
"
Feb 03 2020	"1
"
Feb 03 2020	"1
"
Feb 03 2020	"1
"
Feb 03 2020	"2
"
Feb 03 2020	"1
"
Feb 03 2020	"0
"
Feb 03 2020	"1
"
Feb 03 2020	"1
"
Feb 03 2020	"2
"
Feb 03 2020	"2
"
Feb 03 2020	"0
"
Feb 03 2020	"2
"
Feb 03 2020	"2
"
Feb 03 2020	"2
"
Feb 03 2020	"2
"
Feb 03 2020	"0
"
Feb 03 2020	"0
"
Feb 03 2020	"0
"
Feb 03 2020	"0
"
Feb 03 2020	"2
"
Feb 03 2020	"2
"
Feb 03 2020	"1
"
Feb 03 2020	"2
"
Feb 03 2020	"0
"
Feb 03 2020	"1
"
Feb 03 2020	"2
"
Feb 03 2020	"1
"
Feb 03 2020	"2
"
Feb 03 2020	"2
"
Feb 03 2020	"2
"
Feb 03 2020	"0
"
Feb 03 2020	"2
"
Feb 03 2020	"0
"
Feb 03 2020	"0
"
Feb 03 2020	"2
"
Feb 03 2020	"2
"
Feb 03 2020	"2
"
Feb 03 2020	"2
"
Feb 03 2020	"2
"
Feb 03 2020	"2
"
Feb 03 2020	"0
"
Feb 03 2020	"0
"
Feb 03 2020	"0
"
Feb 03 2020	"2
"
Feb 03 2020	"0
"
Feb 03 2020	"0
"
Feb 03 2020	"0
"
Feb 03 2020	"0
"
Feb 03 2020	"0
"
Feb 03 2020	"0
"
Feb 03 2020	"0
"
Feb 03 2020	"2
"
Feb 03 2020	"0
"
Feb 03 2020	"2
"
Feb 03 2020	"0
"
Feb 03 2020	"0
"
Feb 03 2020	"0
"
Feb 03 2020	"0
"
Feb 03 2020	"0
"
Feb 03 2020	"0
"
Feb 03 2020	"2
"
Feb 03 2020	"0
"
Feb 03 2020	"0
"
Feb 03 2020	"2
"
Feb 03 2020	"0
"
Feb 03 2020	"0
"
Feb 03 2020	"2
"
Feb 03 2020	"0
"
Feb 03 2020	"0
"
Feb 03 2020	"2
"
Feb 03 2020	"0
"
Feb 03 2020	"2
"
Feb 03 2020	"0
"
Feb 03 2020	"0
"
Feb 03 2020	"2
"
Feb 03 2020	"2
"
Feb 03 2020	"2
"
Feb 03 2020	"2
"
Feb 03 2020	"0
"
Feb 03 2020	"2
"
Feb 03 2020	"1
"
Feb 03 2020	"2
"
Feb 03 2020	"0
"
Feb 03 2020	"1
"
Feb 03 2020	"1
"
Feb 03 2020	"0
"
Feb 03 2020	"1
"
Feb 03 2020	"2
"
Feb 03 2020	"0
"
Feb 03 2020	"2
"
Feb 03 2020	"1
"
Feb 04 2020	"2
"
Feb 04 2020	"2
"
Feb 04 2020	"2
"
Feb 04 2020	"2
"
Feb 04 2020	"0
"
Feb 04 2020	"0
"
Feb 04 2020	"2
"
Feb 04 2020	"0
"
Feb 04 2020	"2
"
Feb 04 2020	"2
"
Feb 04 2020	"1
"
Feb 04 2020	"1
"
Feb 04 2020	"0
"
Feb 04 2020	"0
"
Feb 04 2020	"0
"
Feb 04 2020	"2
"
Feb 04 2020	"2
"
Feb 04 2020	"2
"
Feb 04 2020	"1
"
Feb 04 2020	"2
"
Feb 04 2020	"2
"
Feb 04 2020	"1
"
Feb 04 2020	"2
"
Feb 04 2020	"1
"
Feb 04 2020	"1
"
Feb 04 2020	"1
"
Feb 04 2020	"0
"
Feb 04 2020	"2
"
Feb 04 2020	"2
"
Feb 04 2020	"2
"
Feb 04 2020	"2
"
Feb 04 2020	"2
"
Feb 04 2020	"2
"
Feb 04 2020	"2
"
Feb 04 2020	"2
"
Feb 04 2020	"1
"
Feb 04 2020	"0
"
Feb 04 2020	"2
"
Feb 04 2020	"0
"
Feb 04 2020	"2
"
Feb 04 2020	"2
"
Feb 04 2020	"1
"
Feb 04 2020	"2
"
Feb 04 2020	"1
"
Feb 04 2020	"2
"
Feb 04 2020	"1
"
Feb 04 2020	"1
"
Feb 04 2020	"0
"
Feb 04 2020	"1
"
Feb 04 2020	"0
"
Feb 04 2020	"2
"
Feb 04 2020	"2
"
Feb 04 2020	"0
"
Feb 04 2020	"2
"
Feb 04 2020	"1
"
Feb 04 2020	"2
"
Feb 04 2020	"2
"
Feb 04 2020	"2
"
Feb 04 2020	"2
"
Feb 04 2020	"2
"
Feb 04 2020	"1
"
Feb 04 2020	"2
"
Feb 04 2020	"1
"
Feb 04 2020	"1
"
Feb 04 2020	"2
"
Feb 04 2020	"1
"
Feb 04 2020	"2
"
Feb 04 2020	"2
"
Feb 04 2020	"0
"
Feb 04 2020	"2
"
Feb 04 2020	"1
"
Feb 04 2020	"2
"
Feb 04 2020	"0
"
Feb 04 2020	"2
"
Feb 04 2020	"2
"
Feb 04 2020	"0
"
Feb 04 2020	"2
"
Feb 05 2020	"2
"
Feb 05 2020	"2
"
Feb 05 2020	"2
"
Feb 05 2020	"2
"
Feb 05 2020	"2
"
Feb 05 2020	"2
"
Feb 05 2020	"1
"
Feb 05 2020	"1
"
Feb 05 2020	"0
"
Feb 05 2020	"2
"
Feb 05 2020	"2
"
Feb 05 2020	"2
"
Feb 05 2020	"0
"
Feb 05 2020	"2
"
Feb 05 2020	"1
"
Feb 05 2020	"1
"
Feb 05 2020	"0
"
Feb 05 2020	"2
"
Feb 05 2020	"2
"
Feb 05 2020	"2
"
Feb 05 2020	"2
"
Feb 05 2020	"0
"
Feb 05 2020	"0
"
Feb 05 2020	"1
"
Feb 05 2020	"2
"
Feb 05 2020	"0
"
Feb 05 2020	"2
"
Feb 05 2020	"1
"
Feb 05 2020	"1
"
Feb 05 2020	"0
"
Feb 05 2020	"1
"
Feb 05 2020	"2
"
Feb 05 2020	"2
"
Feb 05 2020	"1
"
Feb 05 2020	"1
"
Feb 05 2020	"0
"
Feb 05 2020	"2
"
Feb 05 2020	"2
"
Feb 05 2020	"2
"
Feb 05 2020	"2
"
Feb 05 2020	"2
"
Feb 05 2020	"2
"
Feb 05 2020	"0
"
Feb 05 2020	"2
"
Feb 05 2020	"2
"
Feb 05 2020	"2
"
Feb 05 2020	"2
"
Feb 05 2020	"2
"
Feb 05 2020	"0
"
Feb 05 2020	"2
"
Feb 05 2020	"2
"
Feb 05 2020	"2
"
Feb 05 2020	"2
"
Feb 05 2020	"0
"
Feb 05 2020	"2
"
Feb 05 2020	"0
"
Feb 05 2020	"2
"
Feb 05 2020	"2
"
Feb 05 2020	"0
"
Feb 05 2020	"2
"
Feb 05 2020	"2
"
Feb 05 2020	"0
"
Feb 05 2020	"0
"
Feb 05 2020	"0
"
Feb 05 2020	"1
"
Feb 05 2020	"2
"
Feb 05 2020	"0
"
Feb 05 2020	"2
"
Feb 05 2020	"2
"
Feb 05 2020	"0
"
Feb 05 2020	"2
"
Feb 05 2020	"0
"
Feb 05 2020	"2
"
Feb 05 2020	"0
"
Feb 05 2020	"2
"
Feb 05 2020	"2
"
Feb 05 2020	"2
"
Feb 05 2020	"1
"
Feb 05 2020	"2
"
Feb 05 2020	"1
"
Feb 05 2020	"1
"
Feb 05 2020	"1
"
Feb 05 2020	"2
"
Feb 05 2020	"2
"
Feb 05 2020	"2
"
Feb 05 2020	"2
"
Feb 06 2020	"2
"
Feb 06 2020	"2
"
Feb 06 2020	"1
"
Feb 06 2020	"2
"
Feb 06 2020	"2
"
Feb 06 2020	"1
"
Feb 06 2020	"2
"
Feb 06 2020	"2
"
Feb 06 2020	"2
"
Feb 06 2020	"2
"
Feb 06 2020	"1
"
Feb 06 2020	"1
"
Feb 06 2020	"0
"
Feb 06 2020	"2
"
Feb 06 2020	"2
"
Feb 06 2020	"2
"
Feb 06 2020	"1
"
Feb 06 2020	"0
"
Feb 06 2020	"0
"
Feb 06 2020	"2
"
Feb 06 2020	"0
"
Feb 06 2020	"2
"
Feb 06 2020	"2
"
Feb 06 2020	"1
"
Feb 06 2020	"1
"
Feb 06 2020	"1
"
Feb 06 2020	"1
"
Feb 06 2020	"2
"
Feb 06 2020	"1
"
Feb 06 2020	"1
"
Feb 06 2020	"2
"
Feb 06 2020	"1
"
Feb 06 2020	"2
"
Feb 06 2020	"2
"
Feb 06 2020	"1
"
Feb 06 2020	"2
"
Feb 06 2020	"1
"
Feb 06 2020	"2
"
Feb 06 2020	"2
"
Feb 06 2020	"2
"
Feb 06 2020	"2
"
Feb 06 2020	"2
"
Feb 06 2020	"2
"
Feb 06 2020	"0
"
Feb 06 2020	"0
"
Feb 06 2020	"0
"
Feb 06 2020	"2
"
Feb 06 2020	"2
"
Feb 06 2020	"0
"
Feb 06 2020	"1
"
Feb 06 2020	"1
"
Feb 06 2020	"2
"
Feb 06 2020	"2
"
Feb 06 2020	"2
"
Feb 06 2020	"2
"
Feb 06 2020	"2
"
Feb 06 2020	"0
"
Feb 06 2020	"1
"
Feb 06 2020	"1
"
Feb 06 2020	"0
"
Feb 06 2020	"2
"
Feb 06 2020	"2
"
Feb 06 2020	"1
"
Feb 06 2020	"2
"
Feb 06 2020	"2
"
Feb 06 2020	"1
"
Feb 06 2020	"1
"
Feb 06 2020	"2
"
Feb 06 2020	"2
"
Feb 06 2020	"2
"
Feb 06 2020	"1
"
Feb 06 2020	"2
"
Feb 06 2020	"2
"
Feb 06 2020	"1
"
Feb 06 2020	"1
"
Feb 06 2020	"2
"
Feb 06 2020	"2
"
Feb 06 2020	"1
"
Feb 07 2020	"1
"
Feb 07 2020	"1
"
Feb 07 2020	"0
"
Feb 07 2020	"2
"
Feb 07 2020	"0
"
Feb 07 2020	"0
"
Feb 07 2020	"1
"
Feb 07 2020	"1
"
Feb 07 2020	"0
"
Feb 07 2020	"1
"
Feb 07 2020	"2
"
Feb 07 2020	"0
"
Feb 07 2020	"1
"
Feb 07 2020	"1
"
Feb 07 2020	"0
"
Feb 07 2020	"2
"
Feb 07 2020	"2
"
Feb 07 2020	"1
"
Feb 07 2020	"2
"
Feb 07 2020	"0
"
Feb 07 2020	"0
"
Feb 07 2020	"2
"
Feb 07 2020	"1
"
Feb 07 2020	"2
"
Feb 07 2020	"0
"
Feb 07 2020	"1
"
Feb 07 2020	"0
"
Feb 07 2020	"1
"
Feb 07 2020	"1
"
Feb 07 2020	"2
"
Feb 07 2020	"1
"
Feb 07 2020	"1
"
Feb 07 2020	"1
"
Feb 07 2020	"1
"
Feb 07 2020	"1
"
Feb 07 2020	"0
"
Feb 07 2020	"0
"
Feb 07 2020	"0
"
Feb 07 2020	"2
"
Feb 07 2020	"1
"
Feb 07 2020	"1
"
Feb 07 2020	"2
"
Feb 07 2020	"1
"
Feb 07 2020	"1
"
Feb 07 2020	"2
"
Feb 07 2020	"1
"
Feb 07 2020	"0
"
Feb 07 2020	"2
"
Feb 07 2020	"2
"
Feb 07 2020	"2
"
Feb 07 2020	"1
"
Feb 07 2020	"1
"
Feb 07 2020	"2
"
Feb 07 2020	"2
"
Feb 07 2020	"1
"
Feb 07 2020	"2
"
Feb 07 2020	"2
"
Feb 07 2020	"2
"
Feb 07 2020	"1
"
Feb 07 2020	"2
"
Feb 07 2020	"2
"
Feb 07 2020	"1
"
Feb 07 2020	"1
"
Feb 07 2020	"0
"
Feb 07 2020	"1
"
Feb 07 2020	"0
"
Feb 07 2020	"2
"
Feb 07 2020	"2
"
Feb 07 2020	"2
"
Feb 07 2020	"2
"
Feb 07 2020	"2
"
Feb 07 2020	"1
"
Feb 07 2020	"1
"
Feb 07 2020	"1
"
Feb 07 2020	"2
"
Feb 07 2020	"2
"
Feb 07 2020	"2
"
Feb 07 2020	"2
"
Feb 07 2020	"1
"
Feb 07 2020	"1
"
Feb 07 2020	"2
"
Feb 07 2020	"2
"
Feb 07 2020	"2
"
Feb 07 2020	"1
"
Feb 07 2020	"2
"
Feb 07 2020	"2
"
Feb 07 2020	"0
"
Feb 07 2020	"2
"
Feb 07 2020	"2
"
Feb 07 2020	"2
"
Feb 07 2020	"2
"
Feb 07 2020	"0
"
Feb 07 2020	"1
"
Feb 07 2020	"1
"
Feb 07 2020	"1
"
Feb 07 2020	"2
"
Feb 07 2020	"2
"
Feb 07 2020	"2
"
Feb 07 2020	"2
"
Feb 08 2020	"2
"
Feb 08 2020	"2
"
Feb 08 2020	"2
"
Feb 08 2020	"2
"
Feb 08 2020	"2
"
Feb 08 2020	"1
"
Feb 07 2020	"0
"
Feb 08 2020	"0
"
Feb 08 2020	"1
"
Feb 08 2020	"2
"
Feb 08 2020	"1
"
Feb 08 2020	"2
"
Feb 08 2020	"0
"
Feb 08 2020	"1
"
Feb 08 2020	"1
"
Feb 08 2020	"0
"
Feb 08 2020	"1
"
Feb 08 2020	"1
"
Feb 08 2020	"2
"
Feb 08 2020	"2
"
Feb 08 2020	"1
"
Feb 08 2020	"2
"
Feb 08 2020	"2
"
Feb 08 2020	"1
"
Feb 08 2020	"2
"
Feb 08 2020	"2
"
Feb 08 2020	"2
"
Feb 08 2020	"1
"
Feb 08 2020	"2
"
Feb 08 2020	"2
"
Feb 08 2020	"1
"
Feb 08 2020	"2
"
Feb 08 2020	"2
"
Feb 08 2020	"2
"
Feb 08 2020	"2
"
Feb 08 2020	"2
"
Feb 08 2020	"2
"
Feb 08 2020	"2
"
Feb 08 2020	"2
"
Feb 08 2020	"1
"
Feb 08 2020	"2
"
Feb 08 2020	"1
"
Feb 08 2020	"2
"
Feb 08 2020	"0
"
Feb 08 2020	"1
"
Feb 08 2020	"2
"
Feb 08 2020	"2
"
Feb 08 2020	"2
"
Feb 08 2020	"2
"
Feb 08 2020	"1
"
Feb 08 2020	"2
"
Feb 08 2020	"2
"
Feb 08 2020	"2
"
Feb 08 2020	"2
"
Feb 08 2020	"2
"
Feb 08 2020	"0
"
Feb 09 2020	"0
"
Feb 09 2020	"2
"
Feb 09 2020	"2
"
Feb 09 2020	"2
"
Feb 09 2020	"0
"
Feb 09 2020	"1
"
Feb 09 2020	"2
"
Feb 09 2020	"2
"
Feb 09 2020	"2
"
Feb 09 2020	"2
"
Feb 09 2020	"2
"
Feb 09 2020	"0
"
Feb 09 2020	"2
"
Feb 09 2020	"0
"
Feb 09 2020	"2
"
Feb 09 2020	"2
"
Feb 09 2020	"2
"
Feb 09 2020	"2
"
Feb 09 2020	"2
"
Feb 09 2020	"2
"
Feb 09 2020	"2
"
Feb 09 2020	"2
"
Feb 09 2020	"2
"
Feb 09 2020	"2
"
Feb 09 2020	"2
"
Feb 09 2020	"2
"
Feb 09 2020	"2
"
Feb 09 2020	"2
"
Feb 09 2020	"2
"
Feb 09 2020	"2
"
Feb 09 2020	"2
"
Feb 09 2020	"2
"
Feb 09 2020	"2
"
Feb 09 2020	"2
"
Feb 09 2020	"2
"
Feb 09 2020	"2
"
Feb 09 2020	"2
"
Feb 09 2020	"1
"
Feb 09 2020	"2
"
Feb 09 2020	"2
"
Feb 09 2020	"0
"
Feb 09 2020	"2
"
Feb 09 2020	"2
"
Feb 09 2020	"0
"
Feb 09 2020	"2
"
Feb 09 2020	"2
"
Feb 09 2020	"2
"
Feb 09 2020	"2
"
Feb 09 2020	"2
"
Feb 09 2020	"2
"
Feb 09 2020	"2
"
Feb 09 2020	"0
"
Feb 09 2020	"1
"
Feb 09 2020	"2
"
Feb 09 2020	"2
"
Feb 09 2020	"2
"
Feb 09 2020	"2
"
Feb 09 2020	"2
"
Feb 09 2020	"2
"
Feb 09 2020	"2
"
Feb 09 2020	"2
"
Feb 09 2020	"2
"
Feb 09 2020	"2
"
Feb 09 2020	"2
"
Feb 09 2020	"2
"
Feb 09 2020	"2
"
Feb 09 2020	"2
"
Feb 09 2020	"2
"
Feb 09 2020	"2
"
Feb 09 2020	"2
"
Feb 09 2020	"2
"
Feb 09 2020	"2
"
Feb 09 2020	"2
"
Feb 09 2020	"2
"
Feb 09 2020	"2
"
Feb 09 2020	"2
"
Feb 09 2020	"2
"
Feb 09 2020	"2
"
Feb 09 2020	"2
"
Feb 09 2020	"2
"
Feb 09 2020	"2
"
Feb 09 2020	"2
"
Feb 09 2020	"2
"
Feb 09 2020	"2
"
Feb 09 2020	"2
"
Feb 09 2020	"2
"
Feb 09 2020	"2
"
Feb 09 2020	"2
"
Feb 09 2020	"2
"
Feb 09 2020	"2
"
Feb 09 2020	"2
"
Feb 09 2020	"2
"
Feb 09 2020	"2
"
Feb 09 2020	"2
"
Feb 09 2020	"2
"
Feb 09 2020	"2
"
Feb 09 2020	"2
"
Feb 09 2020	"2
"
Feb 09 2020	"2
"
Feb 09 2020	"2
"
Feb 09 2020	"2
"
Feb 09 2020	"2
"
Feb 09 2020	"2
"
Feb 09 2020	"2
"
Feb 09 2020	"2
"
Feb 09 2020	"2
"
Feb 09 2020	"2
"
Feb 09 2020	"2
"
Feb 09 2020	"1
"
Feb 09 2020	"2
"
Feb 10 2020	"2
"
Feb 09 2020	"2
"
Feb 10 2020	"2
"
Feb 10 2020	"0
"
Feb 10 2020	"2
"
Feb 10 2020	"2
"
Feb 10 2020	"2
"
Feb 10 2020	"2
"
Feb 10 2020	"2
"
Feb 10 2020	"2
"
Feb 10 2020	"2
"
Feb 10 2020	"2
"
Feb 10 2020	"2
"
Feb 10 2020	"2
"
Feb 10 2020	"2
"
Feb 10 2020	"2
"
Feb 10 2020	"2
"
Feb 10 2020	"2
"
Feb 10 2020	"2
"
Feb 10 2020	"1
"
Feb 10 2020	"2
"
Feb 10 2020	"2
"
Feb 10 2020	"2
"
Feb 10 2020	"2
"
Feb 10 2020	"2
"
Feb 10 2020	"2
"
Feb 10 2020	"2
"
Feb 10 2020	"0
"
Feb 10 2020	"2
"
Feb 10 2020	"2
"
Feb 10 2020	"2
"
Feb 10 2020	"1
"
Feb 10 2020	"1
"
Feb 10 2020	"1
"
Feb 10 2020	"2
"
Feb 10 2020	"2
"
Feb 10 2020	"2
"
Feb 10 2020	"2
"
Feb 10 2020	"1
"
Feb 10 2020	"2
"
Feb 10 2020	"2
"
Feb 10 2020	"2
"
Feb 10 2020	"2
"
Feb 10 2020	"2
"
Feb 10 2020	"2
"
Feb 10 2020	"1
"
Feb 10 2020	"2
"
Feb 10 2020	"1
"
Feb 10 2020	"2
"
Feb 10 2020	"1
"
Feb 10 2020	"2
"
Feb 10 2020	"0
"
Feb 10 2020	"1
"
Feb 10 2020	"2
"
Feb 10 2020	"2
"
Feb 10 2020	"1
"
Feb 10 2020	"2
"
Feb 10 2020	"1
"
Feb 10 2020	"1
"
Feb 10 2020	"1
"
Feb 10 2020	"2
"
Feb 10 2020	"2
"
Feb 10 2020	"2
"
Feb 10 2020	"1
"
Feb 10 2020	"2
"
Feb 10 2020	"2
"
Feb 10 2020	"2
"
Feb 10 2020	"2
"
Feb 10 2020	"2
"
Feb 10 2020	"2
"
Feb 10 2020	"2
"
Feb 10 2020	"2
"
Feb 10 2020	"2
"
Feb 10 2020	"2
"
Feb 10 2020	"2
"
Feb 10 2020	"2
"
Feb 10 2020	"2
"
Feb 10 2020	"2
"
Feb 10 2020	"1
"
Feb 10 2020	"2
"
Feb 10 2020	"2
"
Feb 10 2020	"2
"
Feb 10 2020	"0
"
Feb 10 2020	"0
"
Feb 10 2020	"2
"
Feb 10 2020	"2
"
Feb 10 2020	"2
"
Feb 10 2020	"2
"
Feb 10 2020	"2
"
Feb 10 2020	"2
"
Feb 10 2020	"2
"
Feb 10 2020	"2
"
Feb 10 2020	"2
"
Feb 10 2020	"0
"
Feb 10 2020	"1
"
Feb 10 2020	"2
"
Feb 10 2020	"2
"
Feb 10 2020	"2
"
Feb 10 2020	"2
"
Feb 10 2020	"2
"
Feb 10 2020	"2
"
Feb 10 2020	"2
"
Feb 10 2020	"2
"
Feb 10 2020	"2
"
Feb 10 2020	"1
"
Feb 10 2020	"2
"
Feb 10 2020	"2
"
Feb 10 2020	"0
"
Feb 10 2020	"2
"
Feb 10 2020	"2
"
Feb 10 2020	"1
"
Feb 10 2020	"1
"
Feb 10 2020	"2
"
Feb 10 2020	"2
"
Feb 10 2020	"2
"
Feb 10 2020	"2
"
Feb 10 2020	"2
"
Feb 10 2020	"2
"
Feb 10 2020	"2
"
Feb 10 2020	"2
"
Feb 10 2020	"2
"
Feb 10 2020	"2
"
Feb 10 2020	"2
"
Feb 10 2020	"2
"
Feb 10 2020	"2
"
Feb 10 2020	"2
"
Feb 10 2020	"2
"
Feb 10 2020	"2
"
Feb 10 2020	"2
"
Feb 10 2020	"2
"
Feb 10 2020	"2
"
Feb 10 2020	"2
"
Feb 10 2020	"2
"
Feb 10 2020	"2
"
Feb 10 2020	"2
"
Feb 10 2020	"1
"
Feb 10 2020	"2
"
Feb 10 2020	"1
"
Feb 10 2020	"0
"
Feb 10 2020	"2
"
Feb 10 2020	"1
"
Feb 10 2020	"1
"
Feb 10 2020	"0
"
Feb 10 2020	"2
"
Feb 10 2020	"0
"
Feb 10 2020	"1
"
Feb 10 2020	"2
"
Feb 10 2020	"1
"
Feb 10 2020	"2
"
Feb 10 2020	"2
"
Feb 10 2020	"2
"
Feb 10 2020	"2
"
Feb 10 2020	"2
"
Feb 10 2020	"2
"
Feb 10 2020	"2
"
Feb 10 2020	"1
"
Feb 10 2020	"2
"
Feb 10 2020	"1
"
Feb 10 2020	"2
"
Feb 10 2020	"2
"
Feb 10 2020	"2
"
Feb 10 2020	"2
"
Feb 11 2020	"2
"
Feb 11 2020	"2
"
Feb 11 2020	"2
"
Feb 11 2020	"2
"
Feb 11 2020	"2
"
Feb 11 2020	"2
"
Feb 11 2020	"2
"
Feb 11 2020	"2
"
Feb 11 2020	"2
"
Feb 11 2020	"0
"
Feb 11 2020	"1
"
Feb 11 2020	"1
"
Feb 11 2020	"2
"
Feb 11 2020	"2
"
Feb 11 2020	"2
"
Feb 11 2020	"2
"
Feb 11 2020	"2
"
Feb 11 2020	"2
"
Feb 11 2020	"2
"
Feb 11 2020	"2
"
Feb 11 2020	"2
"
Feb 11 2020	"1
"
Feb 11 2020	"2
"
Feb 11 2020	"0
"
Feb 11 2020	"2
"
Feb 11 2020	"0
"
Feb 11 2020	"0
"
Feb 11 2020	"0
"
Feb 11 2020	"0
"
Feb 11 2020	"2
"
Feb 11 2020	"0
"
Feb 11 2020	"0
"
Feb 11 2020	"0
"
Feb 11 2020	"2
"
Feb 11 2020	"1
"
Feb 11 2020	"0
"
Feb 11 2020	"1
"
Feb 11 2020	"2
"
Feb 11 2020	"2
"
Feb 11 2020	"2
"
Feb 11 2020	"0
"
Feb 11 2020	"2
"
Feb 11 2020	"0
"
Feb 11 2020	"2
"
Feb 11 2020	"2
"
Feb 11 2020	"2
"
Feb 11 2020	"1
"
Feb 11 2020	"2
"
Feb 11 2020	"2
"
Feb 11 2020	"2
"
Feb 11 2020	"2
"
Feb 11 2020	"1
"
Feb 11 2020	"2
"
Feb 11 2020	"1
"
Feb 11 2020	"2
"
Feb 11 2020	"2
"
Feb 11 2020	"1
"
Feb 11 2020	"2
"
Feb 11 2020	"2
"
Feb 11 2020	"2
"
Feb 11 2020	"2
"
Feb 11 2020	"2
"
Feb 11 2020	"2
"
Feb 11 2020	"0
"
Feb 11 2020	"2
"
Feb 11 2020	"0
"
Feb 11 2020	"1
"
Feb 11 2020	"2
"
Feb 11 2020	"1
"
Feb 11 2020	"2
"
Feb 11 2020	"2
"
Feb 11 2020	"2
"
Feb 11 2020	"0
"
Feb 11 2020	"2
"
Feb 11 2020	"2
"
Feb 11 2020	"2
"
Feb 11 2020	"0
"
Feb 11 2020	"0
"
Feb 11 2020	"2
"
Feb 11 2020	"0
"
Feb 11 2020	"0
"
Feb 11 2020	"0
"
Feb 11 2020	"2
"
Feb 11 2020	"0
"
Feb 11 2020	"2
"
Feb 11 2020	"0
"
Feb 11 2020	"0
"
Feb 11 2020	"0
"
Feb 11 2020	"0
"
Feb 11 2020	"0
"
Feb 11 2020	"1
"
Feb 11 2020	"2
"
Feb 11 2020	"0
"
Feb 11 2020	"2
"
Feb 11 2020	"1
"
Feb 11 2020	"2
"
Feb 11 2020	"2
"
Feb 11 2020	"2
"
Feb 11 2020	"0
"
Feb 11 2020	"0
"
Feb 11 2020	"2
"
Feb 11 2020	"2
"
Feb 11 2020	"2
"
Feb 11 2020	"2
"
Feb 11 2020	"1
"
Feb 11 2020	"2
"
Feb 11 2020	"2
"
Feb 11 2020	"0
"
Feb 11 2020	"2
"
Feb 11 2020	"2
"
Feb 11 2020	"1
"
Feb 11 2020	"2
"
Feb 11 2020	"1
"
Feb 11 2020	"2
"
Feb 11 2020	"0
"
Feb 12 2020	"2
"
Feb 12 2020	"2
"
Feb 12 2020	"2
"
Feb 12 2020	"2
"
Feb 12 2020	"2
"
Feb 12 2020	"2
"
Feb 12 2020	"2
"
Feb 12 2020	"2
"
Feb 12 2020	"1
"
Feb 12 2020	"0
"
Feb 12 2020	"2
"
Feb 12 2020	"0
"
Feb 12 2020	"2
"
Feb 12 2020	"2
"
Feb 12 2020	"2
"
Feb 12 2020	"1
"
Feb 12 2020	"2
"
Feb 12 2020	"1
"
Feb 12 2020	"1
"
Feb 12 2020	"2
"
Feb 12 2020	"2
"
Feb 12 2020	"2
"
Feb 12 2020	"2
"
Feb 12 2020	"2
"
Feb 12 2020	"2
"
Feb 12 2020	"1
"
Feb 12 2020	"1
"
Feb 12 2020	"1
"
Feb 12 2020	"0
"
Feb 12 2020	"1
"
Feb 12 2020	"1
"
Feb 12 2020	"2
"
Feb 12 2020	"2
"
Feb 12 2020	"1
"
Feb 12 2020	"2
"
Feb 12 2020	"2
"
Feb 12 2020	"2
"
Feb 12 2020	"1
"
Feb 12 2020	"0
"
Feb 12 2020	"2
"
Feb 12 2020	"2
"
Feb 12 2020	"2
"
Feb 12 2020	"0
"
Feb 12 2020	"0
"
Feb 12 2020	"2
"
Feb 13 2020	"2
"
Feb 13 2020	"2
"
Feb 13 2020	"2
"
Feb 13 2020	"1
"
Feb 13 2020	"2
"
Feb 13 2020	"2
"
Feb 13 2020	"2
"
Feb 13 2020	"2
"
Feb 13 2020	"1
"
Feb 13 2020	"2
"
Feb 13 2020	"2
"
Feb 13 2020	"2
"
Feb 13 2020	"1
"
Feb 13 2020	"2
"
Feb 13 2020	"2
"
Feb 13 2020	"2
"
Feb 13 2020	"0
"
Feb 13 2020	"1
"
Feb 13 2020	"0
"
Feb 13 2020	"1
"
Feb 13 2020	"0
"
Feb 13 2020	"1
"
Feb 13 2020	"2
"
Feb 13 2020	"2
"
Feb 13 2020	"0
"
Feb 13 2020	"2
"
Feb 13 2020	"2
"
Feb 13 2020	"0
"
Feb 13 2020	"0
"
Feb 13 2020	"0
"
Feb 13 2020	"0
"
Feb 13 2020	"2
"
Feb 13 2020	"0
"
Feb 13 2020	"0
"
Feb 13 2020	"2
"
Feb 13 2020	"2
"
Feb 13 2020	"1
"
Feb 13 2020	"2
"
Feb 13 2020	"2
"
Feb 13 2020	"2
"
Feb 13 2020	"2
"
Feb 13 2020	"2
"
Feb 13 2020	"2
"
Feb 13 2020	"2
"
Feb 13 2020	"2
"
Feb 13 2020	"2
"
Feb 13 2020	"2
"
Feb 13 2020	"0
"
Feb 13 2020	"2
"
Feb 13 2020	"2
"
Feb 13 2020	"2
"
Feb 13 2020	"2
"
Feb 13 2020	"2
"
Feb 13 2020	"2
"
Feb 13 2020	"2
"
Feb 13 2020	"2
"
Feb 13 2020	"2
"
Feb 13 2020	"2
"
Feb 13 2020	"2
"
Feb 13 2020	"1
"
Feb 13 2020	"2
"
Feb 13 2020	"0
"
Feb 13 2020	"2
"
Feb 13 2020	"2
"
Feb 13 2020	"2
"
Feb 13 2020	"2
"
Feb 13 2020	"0
"
Feb 13 2020	"0
"
Feb 13 2020	"1
"
Feb 13 2020	"2
"
Feb 13 2020	"1
"
Feb 13 2020	"1
"
Feb 13 2020	"1
"
Feb 13 2020	"1
"
Feb 13 2020	"2
"
Feb 13 2020	"2
"
Feb 13 2020	"1
"
Feb 13 2020	"0
"
Feb 13 2020	"2
"
Feb 13 2020	"1
"
Feb 13 2020	"2
"
Feb 13 2020	"1
"
Feb 13 2020	"0
"
Feb 14 2020	"1
"
Feb 14 2020	"1
"
Feb 14 2020	"1
"
Feb 14 2020	"2
"
Feb 14 2020	"2
"
Feb 14 2020	"1
"
Feb 14 2020	"2
"
Feb 14 2020	"0
"
Feb 14 2020	"0
"
Feb 14 2020	"1
"
Feb 14 2020	"0
"
Feb 14 2020	"0
"
Feb 14 2020	"2
"
Feb 14 2020	"2
"
Feb 14 2020	"2
"
Feb 14 2020	"2
"
Feb 10 2020	"1
"
Feb 10 2020	"0
"
Feb 14 2020	"1
"
Feb 14 2020	"2
"
Feb 14 2020	"0
"
Feb 14 2020	"0
"
Feb 14 2020	"0
"
Feb 13 2020	"0
"
Feb 14 2020	"0
"
Feb 14 2020	"0
"
Feb 14 2020	"0
"
Feb 14 2020	"0
"
Feb 14 2020	"0
"
Feb 14 2020	"0
"
Feb 14 2020	"0
"
Feb 14 2020	"0
"
Feb 14 2020	"0
"
Feb 14 2020	"0
"
Feb 14 2020	"0
"
Feb 14 2020	"0
"
Feb 14 2020	"0
"
Feb 14 2020	"0
"
Feb 14 2020	"0
"
Feb 14 2020	"0
"
Feb 14 2020	"0
"
Feb 14 2020	"0
"
Feb 14 2020	"0
"
Feb 14 2020	"0
"
Feb 14 2020	"0
"
Feb 14 2020	"0
"
Feb 14 2020	"0
"
Feb 14 2020	"0
"
Feb 14 2020	"0
"
Feb 14 2020	"0
"
Feb 14 2020	"0
"
Feb 14 2020	"0
"
Feb 14 2020	"0
"
Feb 14 2020	"0
"
Feb 14 2020	"0
"
Feb 14 2020	"2
"
Feb 14 2020	"0
"
Feb 14 2020	"0
"
Feb 14 2020	"0
"
Feb 14 2020	"1
"
Feb 14 2020	"0
"
Feb 14 2020	"0
"
Feb 14 2020	"0
"
Feb 14 2020	"0
"
Feb 14 2020	"0
"
Feb 14 2020	"0
"
Feb 14 2020	"0
"
Feb 14 2020	"0
"
Feb 14 2020	"0
"
Feb 14 2020	"0
"
Feb 14 2020	"0
"
Feb 14 2020	"0
"
Feb 14 2020	"2
"
Feb 14 2020	"0
"
Feb 14 2020	"0
"
Feb 14 2020	"0
"
Feb 14 2020	"0
"
Feb 14 2020	"0
"
Feb 14 2020	"0
"
Feb 14 2020	"0
"
Feb 14 2020	"0
"
Feb 14 2020	"0
"
Feb 14 2020	"0
"
Feb 14 2020	"0
"
Feb 14 2020	"0
"
Feb 14 2020	"1
"
Feb 14 2020	"0
"
Feb 14 2020	"0
"
Feb 14 2020	"0
"
Feb 14 2020	"2
"
Feb 14 2020	"0
"
Feb 14 2020	"0
"
Feb 14 2020	"0
"
Feb 14 2020	"2
"
Feb 14 2020	"0
"
Feb 14 2020	"0
"
Feb 14 2020	"0
"
Feb 14 2020	"0
"
Feb 14 2020	"0
"
Feb 14 2020	"0
"
Feb 14 2020	"0
"
Feb 14 2020	"2
"
Feb 14 2020	"0
"
Feb 14 2020	"0
"
Feb 14 2020	"0
"
Feb 14 2020	"0
"
Feb 14 2020	"1
"
Feb 14 2020	"0
"
Feb 14 2020	"0
"
Feb 14 2020	"0
"
Feb 14 2020	"0
"
Feb 14 2020	"0
"
Feb 14 2020	"1
"
Feb 14 2020	"0
"
Feb 14 2020	"0
"
Feb 14 2020	"0
"
Feb 14 2020	"0
"
Feb 14 2020	"0
"
Feb 14 2020	"1
"
Feb 14 2020	"0
"
Feb 14 2020	"0
"
Feb 14 2020	"0
"
Feb 14 2020	"0
"
Feb 14 2020	"0
"
Feb 14 2020	"0
"
Feb 14 2020	"0
"
Feb 14 2020	"0
"
Feb 14 2020	"0
"
Feb 14 2020	"0
"
Feb 14 2020	"0
"
Feb 14 2020	"0
"
Feb 14 2020	"0
"
Feb 14 2020	"1
"
Feb 14 2020	"0
"
Feb 14 2020	"0
"
Feb 14 2020	"0
"
Feb 14 2020	"0
"
Feb 14 2020	"2
"
Feb 14 2020	"0
"
Feb 14 2020	"0
"
Feb 14 2020	"0
"
Feb 14 2020	"0
"
Feb 14 2020	"0
"
Feb 14 2020	"0
"
Feb 14 2020	"0
"
Feb 14 2020	"0
"
Feb 14 2020	"0
"
Feb 14 2020	"0
"
Feb 14 2020	"0
"
Feb 14 2020	"0
"
Feb 14 2020	"0
"
Feb 14 2020	"0
"
Feb 14 2020	"0
"
Feb 14 2020	"0
"
Feb 14 2020	"0
"
Feb 14 2020	"0
"
Feb 14 2020	"0
"
Feb 14 2020	"0
"
Feb 14 2020	"0
"
Feb 14 2020	"0
"
Feb 14 2020	"2
"
Feb 14 2020	"0
"
Feb 14 2020	"1
"
Feb 14 2020	"2
"
Feb 14 2020	"2
"
Feb 14 2020	"0
"
Feb 14 2020	"2
"
Feb 14 2020	"0
"
Feb 14 2020	"0
"
Feb 14 2020	"0
"
Feb 14 2020	"0
"
Feb 14 2020	"0
"
Feb 14 2020	"0
"
Feb 14 2020	"0
"
Feb 14 2020	"0
"
Feb 14 2020	"0
"
Feb 14 2020	"0
"
Feb 14 2020	"0
"
Feb 14 2020	"0
"
Feb 14 2020	"0
"
Feb 14 2020	"0
"
Feb 14 2020	"0
"
Feb 14 2020	"0
"
Feb 14 2020	"2
"
Feb 14 2020	"2
"
Feb 14 2020	"2
"
Feb 14 2020	"2
"
Feb 14 2020	"2
"
Feb 14 2020	"2
"
Feb 14 2020	"2
"
Feb 14 2020	"2
"
Feb 14 2020	"2
"
Feb 14 2020	"0
"
Feb 14 2020	"2
"
Feb 14 2020	"0
"
Feb 14 2020	"0
"
Feb 14 2020	"2
"
Feb 14 2020	"0
"
Feb 14 2020	"0
"
Feb 14 2020	"0
"
Feb 14 2020	"2
"
Feb 14 2020	"2
"
Feb 14 2020	"0
"
Feb 14 2020	"2
"
Feb 14 2020	"1
"
Feb 14 2020	"1
"
Feb 14 2020	"2
"
Feb 14 2020	"0
"
Feb 14 2020	"0
"
Feb 14 2020	"2
"
Feb 14 2020	"0
"
Feb 14 2020	"1
"
Feb 14 2020	"0
"
Feb 14 2020	"0
"
Feb 14 2020	"2
"
Feb 14 2020	"0
"
Feb 14 2020	"2
"
Feb 14 2020	"2
"
Feb 14 2020	"2
"
Feb 14 2020	"2
"
Feb 14 2020	"2
"
Feb 14 2020	"2
"
Feb 14 2020	"0
"
Feb 14 2020	"2
"
Feb 14 2020	"0
"
Feb 14 2020	"0
"
Feb 14 2020	"2
"
Feb 14 2020	"2
"
Feb 14 2020	"2
"
Feb 15 2020	"0
"
Feb 15 2020	"2
"
Feb 15 2020	"2
"
Feb 15 2020	"2
"
Feb 15 2020	"0
"
Feb 15 2020	"0
"
Feb 15 2020	"2
"
Feb 15 2020	"2
"
Feb 15 2020	"2
"
Feb 15 2020	"2
"
Feb 15 2020	"2
"
Feb 15 2020	"2
"
Feb 15 2020	"2
"
Feb 15 2020	"2
"
Feb 15 2020	"2
"
Feb 15 2020	"2
"
Feb 15 2020	"0
"
Feb 15 2020	"2
"
Feb 15 2020	"2
"
Feb 15 2020	"1
"
Feb 15 2020	"2
"
Feb 15 2020	"2
"
Feb 15 2020	"2
"
Feb 15 2020	"2
"
Feb 15 2020	"0
"
Feb 15 2020	"0
"
Feb 15 2020	"0
"
Feb 15 2020	"1
"
Feb 15 2020	"0
"
Feb 15 2020	"2
"
Feb 15 2020	"2
"
Feb 15 2020	"2
"
Feb 15 2020	"2
"
Feb 15 2020	"2
"
Feb 15 2020	"0
"
Feb 15 2020	"2
"
Feb 15 2020	"1
"
Feb 15 2020	"0
"
Feb 15 2020	"1
"
Feb 15 2020	"2
"
Feb 15 2020	"0
"
Feb 15 2020	"0
"
Feb 15 2020	"2
"
Feb 15 2020	"2
"
Feb 15 2020	"2
"
Feb 15 2020	"2
"
Feb 15 2020	"2
"
Feb 15 2020	"0
"
Feb 15 2020	"2
"
Feb 15 2020	"1
"
Feb 15 2020	"2
"
Feb 15 2020	"1
"
Feb 15 2020	"2
"
Feb 15 2020	"2
"
Feb 15 2020	"0
"
Feb 15 2020	"2
"
Feb 15 2020	"2
"
Feb 15 2020	"0
"
Feb 15 2020	"2
"
Feb 15 2020	"2
"
Feb 15 2020	"2
"
Feb 15 2020	"2
"
Feb 15 2020	"0
"
Feb 15 2020	"2
"
Feb 15 2020	"0
"
Feb 15 2020	"0
"
Feb 15 2020	"0
"
Feb 15 2020	"0
"
Feb 15 2020	"0
"
Feb 15 2020	"0
"
Feb 15 2020	"0
"
Feb 15 2020	"0
"
Feb 15 2020	"2
"
Feb 15 2020	"2
"
Feb 15 2020	"2
"
Feb 15 2020	"1
"
Feb 15 2020	"2
"
Feb 15 2020	"2
"
Feb 15 2020	"2
"
Feb 15 2020	"0
"
Feb 15 2020	"2
"
Feb 15 2020	"2
"
Feb 15 2020	"2
"
Feb 15 2020	"0
"
Feb 15 2020	"2
"
Feb 15 2020	"2
"
Feb 15 2020	"0
"
Feb 15 2020	"2
"
Feb 15 2020	"0
"
Feb 15 2020	"2
"
Feb 15 2020	"0
"
Feb 15 2020	"2
"
Feb 15 2020	"2
"
Feb 15 2020	"2
"
Feb 15 2020	"1
"
Feb 15 2020	"2
"
Feb 15 2020	"2
"
Feb 15 2020	"0
"
Feb 15 2020	"1
"
Feb 15 2020	"2
"
Feb 15 2020	"0
"
Feb 15 2020	"2
"
Feb 15 2020	"2
"
Feb 15 2020	"2
"
Feb 15 2020	"2
"
Feb 15 2020	"2
"
Feb 15 2020	"0
"
Feb 15 2020	"2
"
Feb 15 2020	"2
"
Feb 15 2020	"1
"
Feb 15 2020	"1
"
Feb 15 2020	"2
"
Feb 15 2020	"2
"
Feb 15 2020	"2
"
Feb 15 2020	"1
"
Feb 15 2020	"0
"
Feb 15 2020	"1
"
Feb 15 2020	"2
"
Feb 15 2020	"0
"
Feb 15 2020	"2
"
Feb 15 2020	"2
"
Feb 15 2020	"2
"
Feb 15 2020	"2
"
Feb 15 2020	"2
"
Feb 15 2020	"2
"
Feb 15 2020	"2
"
Feb 15 2020	"2
"
Feb 15 2020	"2
"
Feb 15 2020	"2
"
Feb 15 2020	"0
"
Feb 15 2020	"2
"
Feb 15 2020	"2
"
Feb 15 2020	"0
"
Feb 15 2020	"2
"
Feb 15 2020	"2
"
Feb 15 2020	"2
"
Feb 15 2020	"2
"
Feb 15 2020	"0
"
Feb 15 2020	"2
"
Feb 15 2020	"0
"
Feb 15 2020	"2
"
Feb 15 2020	"2
"
Feb 15 2020	"2
"
Feb 16 2020	"2
"
Feb 16 2020	"0
"
Feb 16 2020	"2
"
Feb 16 2020	"1
"
Feb 16 2020	"1
"
Feb 16 2020	"2
"
Feb 16 2020	"2
"
Feb 16 2020	"0
"
Feb 16 2020	"0
"
Feb 16 2020	"2
"
Feb 16 2020	"2
"
Feb 16 2020	"0
"
Feb 16 2020	"0
"
Feb 16 2020	"2
"
Feb 16 2020	"2
"
Feb 16 2020	"1
"
Feb 16 2020	"1
"
Feb 16 2020	"0
"
Feb 16 2020	"2
"
Feb 16 2020	"0
"
Feb 16 2020	"1
"
Feb 16 2020	"2
"
Feb 16 2020	"0
"
Feb 16 2020	"2
"
Feb 16 2020	"0
"
Feb 16 2020	"0
"
Feb 16 2020	"0
"
Feb 16 2020	"2
"
Feb 16 2020	"2
"
Feb 16 2020	"2
"
Feb 16 2020	"2
"
Feb 16 2020	"0
"
Feb 16 2020	"1
"
Feb 16 2020	"0
"
Feb 16 2020	"0
"
Feb 16 2020	"0
"
Feb 16 2020	"2
"
Feb 16 2020	"2
"
